username,firstname,lastname,email
,Christian,Cunha,chris.acunha@Yahoo.com
,Brett,Lowder,blowder66@gmail.com
,Emily ,Masse,emasse20@Yahoo.com
,Andrew,Sarnevitz,asarnevitz@gmail.com
,Mark,Sweitzer,msweitzeriv@Yahoo.com
,Dan,Blount,dblount70@gmail.com
,Christopher,Mahatcek,cmahatcek678@g.rwu.edu