username,firstname,lastname,email
ccunha,Christian,Cunha,chris.acunha@Yahoo.com
blowder,Brett,Lowder,blowder66@gmail.com
emasse,Emily ,Masse,emasse20@Yahoo.com
asarnevitz,Andrew,Sarnevitz,asarnevitz@gmail.com
msweitzer,Mark,Sweitzer,msweitzeriv@Yahoo.com
dblount,Dan,Blount,dblount70@gmail.com
cmahatcek,Christopher,Mahatcek,cmahatcek678@g.rwu.edu
